[
    {
        "filename": "\/Users\/dineth\/Documents\/Dineth\/Programming\/Web\/htdocs\/ecom\/car-order.php",
        "timestamp": 1684034323,
        "message": "SELECT * FROM car_table WHERE carid = 30001"
    },
    {
        "filename": "\/Users\/dineth\/Documents\/Dineth\/Programming\/Web\/htdocs\/ecom\/car-order.php",
        "timestamp": 1684034436,
        "message": "SELECT * FROM car_table WHERE carid = 30001"
    },
    {
        "filename": "\/Users\/dineth\/Documents\/Dineth\/Programming\/Web\/htdocs\/ecom\/car-order.php",
        "timestamp": 1684034563,
        "message": "SELECT * FROM car_table WHERE carid = 30001"
    },
    {
        "filename": "\/Users\/dineth\/Documents\/Dineth\/Programming\/Web\/htdocs\/ecom\/car-order.php",
        "timestamp": 1684034604,
        "message": "SELECT * FROM car_table WHERE carid = 30001"
    },
    {
        "filename": "\/Users\/dineth\/Documents\/Dineth\/Programming\/Web\/htdocs\/ecom\/car-order.php",
        "timestamp": 1684034628,
        "message": "SELECT * FROM car_table WHERE carid = 30001"
    },
    {
        "filename": "\/Users\/dineth\/Documents\/Dineth\/Programming\/Web\/htdocs\/ecom\/car-order.php",
        "timestamp": 1684034663,
        "message": "SELECT * FROM car_table WHERE carid = 30001"
    },
    {
        "filename": "\/Users\/dineth\/Documents\/Dineth\/Programming\/Web\/htdocs\/ecom\/car-order.php",
        "timestamp": 1684034673,
        "message": "SELECT * FROM car_table WHERE carid = 30001"
    },
    {
        "filename": "\/Users\/dineth\/Documents\/Dineth\/Programming\/Web\/htdocs\/ecom\/car-order.php",
        "timestamp": 1684034678,
        "message": "SELECT * FROM car_table WHERE carid = 30001"
    },
    {
        "filename": "\/Users\/dineth\/Documents\/Dineth\/Programming\/Web\/htdocs\/ecom\/car-order.php",
        "timestamp": 1684034688,
        "message": "SELECT * FROM car_table WHERE carid = 30001"
    },
    {
        "filename": "\/Users\/dineth\/Documents\/Dineth\/Programming\/Web\/htdocs\/ecom\/car-order.php",
        "timestamp": 1684034751,
        "message": "SELECT * FROM car_table WHERE carid = 30001"
    },
    {
        "filename": "\/Users\/dineth\/Documents\/Dineth\/Programming\/Web\/htdocs\/ecom\/car-order.php",
        "timestamp": 1684034759,
        "message": "SELECT * FROM car_table WHERE carid = 30001"
    },
    {
        "filename": "\/Users\/dineth\/Documents\/Dineth\/Programming\/Web\/htdocs\/ecom\/car-order.php",
        "timestamp": 1684034836,
        "message": "SELECT * FROM car_table WHERE carid = 30001"
    },
    {
        "filename": "\/Users\/dineth\/Documents\/Dineth\/Programming\/Web\/htdocs\/ecom\/car-order.php",
        "timestamp": 1684034864,
        "message": "SELECT * FROM car_table WHERE carid = 30001"
    },
    {
        "filename": "\/Users\/dineth\/Documents\/Dineth\/Programming\/Web\/htdocs\/ecom\/car-order.php",
        "timestamp": 1684034877,
        "message": "SELECT * FROM car_table WHERE carid = 30001"
    },
    {
        "filename": "\/Users\/dineth\/Documents\/Dineth\/Programming\/Web\/htdocs\/ecom\/car-order.php",
        "timestamp": 1684035989,
        "message": "SELECT * FROM car_table WHERE carid = 30001"
    },
    {
        "filename": "\/Users\/dineth\/Documents\/Dineth\/Programming\/Web\/htdocs\/ecom\/car-order.php",
        "timestamp": 1684035993,
        "message": "SELECT * FROM car_table WHERE carid = 30001"
    },
    {
        "filename": "\/Users\/dineth\/Documents\/Dineth\/Programming\/Web\/htdocs\/ecom\/car-order.php",
        "timestamp": 1684036016,
        "message": "SELECT * FROM car_table WHERE carid = 30001"
    },
    {
        "filename": "\/Users\/dineth\/Documents\/Dineth\/Programming\/Web\/htdocs\/ecom\/car-order.php",
        "timestamp": 1684036051,
        "message": "SELECT * FROM car_table WHERE carid = 30001"
    },
    {
        "filename": "\/Users\/dineth\/Documents\/Dineth\/Programming\/Web\/htdocs\/ecom\/car-order.php",
        "timestamp": 1684036063,
        "message": "SELECT * FROM car_table WHERE carid = 30001"
    },
    {
        "filename": "\/Users\/dineth\/Documents\/Dineth\/Programming\/Web\/htdocs\/ecom\/car-order.php",
        "timestamp": 1684036102,
        "message": "SELECT * FROM car_table WHERE carid = 30001"
    },
    {
        "filename": "\/Users\/dineth\/Documents\/Dineth\/Programming\/Web\/htdocs\/ecom\/car-order.php",
        "timestamp": 1684036183,
        "message": "SELECT * FROM car_table WHERE carid = 30001"
    },
    {
        "filename": "\/Users\/dineth\/Documents\/Dineth\/Programming\/Web\/htdocs\/ecom\/car-order.php",
        "timestamp": 1684036213,
        "message": "SELECT * FROM car_table WHERE carid = 30001"
    },
    {
        "filename": "\/Users\/dineth\/Documents\/Dineth\/Programming\/Web\/htdocs\/ecom\/car-order.php",
        "timestamp": 1684036237,
        "message": "SELECT * FROM car_table WHERE carid = 30001"
    },
    {
        "filename": "\/Users\/dineth\/Documents\/Dineth\/Programming\/Web\/htdocs\/ecom\/car-order.php",
        "timestamp": 1684036264,
        "message": "SELECT * FROM car_table WHERE carid = 30001"
    },
    {
        "filename": "\/Users\/dineth\/Documents\/Dineth\/Programming\/Web\/htdocs\/ecom\/car-order.php",
        "timestamp": 1684036274,
        "message": "SELECT * FROM car_table WHERE carid = 30001"
    },
    {
        "filename": "\/Users\/dineth\/Documents\/Dineth\/Programming\/Web\/htdocs\/ecom\/car-order.php",
        "timestamp": 1684048520,
        "message": "SELECT * FROM car_table WHERE carid = 30001"
    },
    {
        "filename": "\/Users\/dineth\/Documents\/Dineth\/Programming\/Web\/htdocs\/ecom\/car-order.php",
        "timestamp": 1684048902,
        "message": "SELECT * FROM car_table WHERE carid = 30001"
    },
    {
        "filename": "\/Users\/dineth\/Documents\/Dineth\/Programming\/Web\/htdocs\/ecom\/car-order.php",
        "timestamp": 1684048914,
        "message": "SELECT * FROM car_table WHERE carid = 30001"
    },
    {
        "filename": "\/Users\/dineth\/Documents\/Dineth\/Programming\/Web\/htdocs\/ecom\/car-order.php",
        "timestamp": 1684049053,
        "message": "SELECT * FROM car_table WHERE carid = 30001"
    },
    {
        "filename": "\/Users\/dineth\/Documents\/Dineth\/Programming\/Web\/htdocs\/ecom\/car-order.php",
        "timestamp": 1684049098,
        "message": "SELECT * FROM car_table WHERE carid = 30001"
    },
    {
        "filename": "\/Users\/dineth\/Documents\/Dineth\/Programming\/Web\/htdocs\/ecom\/car-order.php",
        "timestamp": 1684049142,
        "message": "SELECT * FROM car_table WHERE carid = 30001"
    },
    {
        "filename": "\/Users\/dineth\/Documents\/Dineth\/Programming\/Web\/htdocs\/ecom\/car-order.php",
        "timestamp": 1684049209,
        "message": "SELECT * FROM car_table WHERE carid = 30001"
    },
    {
        "filename": "\/Users\/dineth\/Documents\/Dineth\/Programming\/Web\/htdocs\/ecom\/car-order.php",
        "timestamp": 1684049210,
        "message": "SELECT * FROM car_table WHERE carid = 30001"
    },
    {
        "filename": "\/Users\/dineth\/Documents\/Dineth\/Programming\/Web\/htdocs\/ecom\/car-order.php",
        "timestamp": 1684067986,
        "message": "SELECT * FROM car_table WHERE carid = 30001"
    },
    {
        "filename": "\/Users\/dineth\/Documents\/Dineth\/Programming\/Web\/htdocs\/ecom\/car-order.php",
        "timestamp": 1684068081,
        "message": "SELECT * FROM car_table WHERE carid = 30001"
    },
    {
        "filename": "\/Users\/dineth\/Documents\/Dineth\/Programming\/Web\/htdocs\/ecom\/car-order.php",
        "timestamp": 1684068100,
        "message": "SELECT * FROM car_table WHERE carid = 30001"
    },
    {
        "filename": "\/Users\/dineth\/Documents\/Dineth\/Programming\/Web\/htdocs\/ecom\/car-order.php",
        "timestamp": 1684068130,
        "message": "SELECT * FROM car_table WHERE carid = 30001"
    },
    {
        "filename": "\/Users\/dineth\/Documents\/Dineth\/Programming\/Web\/htdocs\/ecom\/car-order.php",
        "timestamp": 1684068153,
        "message": "SELECT * FROM car_table WHERE carid = 30001"
    },
    {
        "filename": "\/Users\/dineth\/Documents\/Dineth\/Programming\/Web\/htdocs\/ecom\/car-order.php",
        "timestamp": 1684068168,
        "message": "SELECT * FROM car_table WHERE carid = 30001"
    },
    {
        "filename": "\/Users\/dineth\/Documents\/Dineth\/Programming\/Web\/htdocs\/ecom\/car-order.php",
        "timestamp": 1684068613,
        "message": "SELECT * FROM car_table WHERE carid = 30001"
    },
    {
        "filename": "\/Users\/dineth\/Documents\/Dineth\/Programming\/Web\/htdocs\/ecom\/car-order.php",
        "timestamp": 1684068666,
        "message": "SELECT * FROM car_table WHERE carid = 30001"
    },
    {
        "filename": "\/Users\/dineth\/Documents\/Dineth\/Programming\/Web\/htdocs\/ecom\/car-order.php",
        "timestamp": 1684068742,
        "message": "SELECT * FROM car_table WHERE carid = 30001"
    },
    {
        "filename": "\/Users\/dineth\/Documents\/Dineth\/Programming\/Web\/htdocs\/ecom\/car-order.php",
        "timestamp": 1684068802,
        "message": "SELECT * FROM car_table WHERE carid = 30001"
    },
    {
        "filename": "\/Users\/dineth\/Documents\/Dineth\/Programming\/Web\/htdocs\/ecom\/car-order.php",
        "timestamp": 1684068855,
        "message": "SELECT * FROM car_table WHERE carid = 30001"
    },
    {
        "filename": "\/Users\/dineth\/Documents\/Dineth\/Programming\/Web\/htdocs\/ecom\/car-order.php",
        "timestamp": 1684068875,
        "message": "SELECT * FROM car_table WHERE carid = 30001"
    },
    {
        "filename": "\/Users\/dineth\/Documents\/Dineth\/Programming\/Web\/htdocs\/ecom\/car-order.php",
        "timestamp": 1684068881,
        "message": "SELECT * FROM car_table WHERE carid = 30001"
    },
    {
        "filename": "\/Users\/dineth\/Documents\/Dineth\/Programming\/Web\/htdocs\/ecom\/car-order.php",
        "timestamp": 1684069002,
        "message": "SELECT * FROM car_table WHERE carid = 30001"
    },
    {
        "filename": "\/Users\/dineth\/Documents\/Dineth\/Programming\/Web\/htdocs\/ecom\/car-order.php",
        "timestamp": 1684069067,
        "message": "SELECT * FROM car_table WHERE carid = 30001"
    },
    {
        "filename": "\/Users\/dineth\/Documents\/Dineth\/Programming\/Web\/htdocs\/ecom\/car-order.php",
        "timestamp": 1684069093,
        "message": "SELECT * FROM car_table WHERE carid = 30001"
    },
    {
        "filename": "\/Users\/dineth\/Documents\/Dineth\/Programming\/Web\/htdocs\/ecom\/car-order.php",
        "timestamp": 1684069117,
        "message": "SELECT * FROM car_table WHERE carid = 30001"
    },
    {
        "filename": "\/Users\/dineth\/Documents\/Dineth\/Programming\/Web\/htdocs\/ecom\/car-order.php",
        "timestamp": 1684069132,
        "message": "SELECT * FROM car_table WHERE carid = 30001"
    },
    {
        "filename": "\/Users\/dineth\/Documents\/Dineth\/Programming\/Web\/htdocs\/ecom\/car-order.php",
        "timestamp": 1684069150,
        "message": "SELECT * FROM car_table WHERE carid = 30001"
    },
    {
        "filename": "\/Users\/dineth\/Documents\/Dineth\/Programming\/Web\/htdocs\/ecom\/car-order.php",
        "timestamp": 1684069164,
        "message": "SELECT * FROM car_table WHERE carid = 30001"
    },
    {
        "filename": "\/Users\/dineth\/Documents\/Dineth\/Programming\/Web\/htdocs\/ecom\/car-order.php",
        "timestamp": 1684069206,
        "message": "SELECT * FROM car_table WHERE carid = 30001"
    },
    {
        "filename": "\/Users\/dineth\/Documents\/Dineth\/Programming\/Web\/htdocs\/ecom\/car-order.php",
        "timestamp": 1684069213,
        "message": "SELECT * FROM car_table WHERE carid = 30001"
    },
    {
        "filename": "\/Users\/dineth\/Documents\/Dineth\/Programming\/Web\/htdocs\/ecom\/car-order.php",
        "timestamp": 1684069903,
        "message": "SELECT * FROM car_table WHERE carid = 30001"
    },
    {
        "filename": "\/Users\/dineth\/Documents\/Dineth\/Programming\/Web\/htdocs\/ecom\/car-order.php",
        "timestamp": 1684070786,
        "message": "SELECT * FROM car_table WHERE carid = 30001"
    },
    {
        "filename": "\/Users\/dineth\/Documents\/Dineth\/Programming\/Web\/htdocs\/ecom\/car-order.php",
        "timestamp": 1684211562,
        "message": "SELECT * FROM car_table WHERE carid = "
    },
    {
        "filename": "\/Users\/dineth\/Documents\/Dineth\/Programming\/Web\/htdocs\/ecom\/car-order.php",
        "timestamp": 1686324515,
        "message": "SELECT * FROM car_table WHERE carid = "
    },
    {
        "filename": "\/Users\/dineth\/Documents\/Dineth\/Programming\/Web\/htdocs\/ecom\/car-order.php",
        "timestamp": 1686355361,
        "message": "SELECT * FROM car_table WHERE carid = 30000"
    },
    {
        "filename": "\/Users\/dineth\/Documents\/Dineth\/Programming\/Web\/htdocs\/ecom\/car-order.php",
        "timestamp": 1686355423,
        "message": "SELECT * FROM car_table WHERE carid = 30000"
    },
    {
        "filename": "\/Users\/dineth\/Documents\/Dineth\/Programming\/Web\/htdocs\/ecom\/car-order.php",
        "timestamp": 1686355440,
        "message": "SELECT * FROM car_table WHERE carid = 30000"
    },
    {
        "filename": "\/Users\/dineth\/Documents\/Dineth\/Programming\/Web\/htdocs\/ecom\/car-order.php",
        "timestamp": 1686355483,
        "message": "SELECT * FROM car_table WHERE carid = 30000"
    },
    {
        "filename": "\/Users\/dineth\/Documents\/Dineth\/Programming\/Web\/htdocs\/ecom\/car-order.php",
        "timestamp": 1686355503,
        "message": "SELECT * FROM car_table WHERE carid = 30000"
    },
    {
        "filename": "\/Users\/dineth\/Documents\/Dineth\/Programming\/Web\/htdocs\/ecom\/car-order.php",
        "timestamp": 1686384992,
        "message": "SELECT * FROM car_table WHERE carid = 30007"
    },
    {
        "filename": "\/Users\/dineth\/Documents\/Dineth\/Programming\/Web\/htdocs\/ecom\/car-order.php",
        "timestamp": 1686385001,
        "message": "SELECT * FROM car_table WHERE carid = 30004"
    },
    {
        "filename": "\/Users\/dineth\/Documents\/Dineth\/Programming\/Web\/htdocs\/ecom\/car-order.php",
        "timestamp": 1686385007,
        "message": "SELECT * FROM car_table WHERE carid = 30000"
    },
    {
        "filename": "\/Users\/dineth\/Documents\/Dineth\/Programming\/Web\/htdocs\/ecom\/car-order.php",
        "timestamp": 1686385012,
        "message": "SELECT * FROM car_table WHERE carid = 30001"
    },
    {
        "filename": "\/Users\/dineth\/Documents\/Dineth\/Programming\/Web\/htdocs\/ecom\/car-order.php",
        "timestamp": 1686385018,
        "message": "SELECT * FROM car_table WHERE carid = 30005"
    },
    {
        "filename": "\/Users\/dineth\/Documents\/Dineth\/Programming\/Web\/htdocs\/ecom\/car-order.php",
        "timestamp": 1686385024,
        "message": "SELECT * FROM car_table WHERE carid = 30005"
    },
    {
        "filename": "\/Users\/dineth\/Documents\/Dineth\/Programming\/Web\/htdocs\/ecom\/car-order.php",
        "timestamp": 1686385079,
        "message": "SELECT * FROM car_table WHERE carid = 30000"
    },
    {
        "filename": "\/Users\/dineth\/Documents\/Dineth\/Programming\/Web\/htdocs\/ecom\/car-order.php",
        "timestamp": 1686385083,
        "message": "SELECT * FROM car_table WHERE carid = 30003"
    },
    {
        "filename": "\/Users\/dineth\/Documents\/Dineth\/Programming\/Web\/htdocs\/ecom\/car-order.php",
        "timestamp": 1686385098,
        "message": "SELECT * FROM car_table WHERE carid = 30011"
    },
    {
        "filename": "\/Users\/dineth\/Documents\/Dineth\/Programming\/Web\/htdocs\/ecom\/car-order.php",
        "timestamp": 1686457756,
        "message": "SELECT * FROM car_table WHERE carid = 30008"
    },
    {
        "filename": "\/Users\/dineth\/Documents\/Dineth\/Programming\/Web\/htdocs\/ecom\/car-order.php",
        "timestamp": 1686467998,
        "message": "SELECT * FROM car_table WHERE carid = 30006"
    },
    {
        "filename": "\/Users\/dineth\/Documents\/Dineth\/Programming\/Web\/htdocs\/ecom\/car-order.php",
        "timestamp": 1686468022,
        "message": "SELECT * FROM car_table WHERE carid = 30006"
    },
    {
        "filename": "\/Users\/dineth\/Documents\/Dineth\/Programming\/Web\/htdocs\/ecom\/car-order.php",
        "timestamp": 1686468034,
        "message": "SELECT * FROM car_table WHERE carid = 30006"
    },
    {
        "filename": "\/Users\/dineth\/Documents\/Dineth\/Programming\/Web\/htdocs\/ecom\/car-order.php",
        "timestamp": 1686468862,
        "message": "SELECT * FROM car_table WHERE carid = 30000"
    },
    {
        "filename": "\/Users\/dineth\/Documents\/Dineth\/Programming\/Web\/htdocs\/ecom\/car-order.php",
        "timestamp": 1686468874,
        "message": "SELECT * FROM car_table WHERE carid = 30000"
    },
    {
        "filename": "\/Users\/dineth\/Documents\/Dineth\/Programming\/Web\/htdocs\/ecom\/car-order.php",
        "timestamp": 1686468904,
        "message": "SELECT * FROM car_table WHERE carid = 30006"
    },
    {
        "filename": "\/Users\/dineth\/Documents\/Dineth\/Programming\/Web\/htdocs\/ecom\/car-order.php",
        "timestamp": 1686468915,
        "message": "SELECT * FROM car_table WHERE carid = 30006"
    },
    {
        "filename": "\/Users\/dineth\/Documents\/Dineth\/Programming\/Web\/htdocs\/ecom\/car-order.php",
        "timestamp": 1686470148,
        "message": "SELECT * FROM car_table WHERE carid = 30006"
    },
    {
        "filename": "\/Users\/dineth\/Documents\/Dineth\/Programming\/Web\/htdocs\/ecom\/car-order.php",
        "timestamp": 1686476542,
        "message": "SELECT * FROM car_table WHERE carid = 30006"
    },
    {
        "filename": "\/Users\/dineth\/Documents\/Dineth\/Programming\/Web\/htdocs\/ecom\/car-order.php",
        "timestamp": 1686476566,
        "message": "SELECT * FROM car_table WHERE carid = 30006"
    },
    {
        "filename": "\/Users\/dineth\/Documents\/Dineth\/Programming\/Web\/htdocs\/ecom\/car-order.php",
        "timestamp": 1686476605,
        "message": "SELECT * FROM car_table WHERE carid = 30006"
    },
    {
        "filename": "\/Users\/dineth\/Documents\/Dineth\/Programming\/Web\/htdocs\/ecom\/car-order.php",
        "timestamp": 1686476894,
        "message": "SELECT * FROM car_table WHERE carid = 30000"
    },
    {
        "filename": "\/Users\/dineth\/Documents\/Dineth\/Programming\/Web\/htdocs\/ecom\/car-order.php",
        "timestamp": 1686571204,
        "message": "SELECT * FROM car_table WHERE carid = 30008"
    },
    {
        "filename": "\/Users\/dineth\/Documents\/Dineth\/Programming\/Web\/htdocs\/ecom\/car-order.php",
        "timestamp": 1686571281,
        "message": "SELECT * FROM car_table WHERE carid = 30004"
    },
    {
        "filename": "\/Users\/dineth\/Documents\/Dineth\/Programming\/Web\/htdocs\/ecom\/car-order.php",
        "timestamp": 1686627755,
        "message": "SELECT * FROM car_table WHERE carid = 30006"
    },
    {
        "filename": "\/Users\/dineth\/Documents\/Dineth\/Programming\/Web\/htdocs\/ecom\/car-order.php",
        "timestamp": 1686627770,
        "message": "SELECT * FROM car_table WHERE carid = 30006"
    },
    {
        "filename": "\/Users\/dineth\/Documents\/Dineth\/Programming\/Web\/htdocs\/ecom\/car-order.php",
        "timestamp": 1686629539,
        "message": "SELECT * FROM car_table WHERE carid = 30000"
    },
    {
        "filename": "\/Users\/dineth\/Documents\/Dineth\/Programming\/Web\/htdocs\/ecom\/car-order.php",
        "timestamp": 1686629619,
        "message": "SELECT * FROM car_table WHERE carid = 30005"
    }
]